"Token","Type","Light","Night","Android 资源","说明"
"c_accent","color","#15803D","#4ADE80","@color/c_accent",""
"c_background","color","#F2F4EF","#0B0F0C","@color/c_background",""
"c_bg_bottom","color","#EFF0F0","#0B0E0C","@color/c_bg_bottom",""
"c_bg_top","color","#F3F8EE","#101711","@color/c_bg_top",""
"c_border","color","#DFE4DD","#2C332D","@color/c_border",""
"c_card","color","#FFFFFF","#171B18","@color/c_card",""
"c_destructive","color","#D03B37","#FF6B6B","@color/c_destructive",""
"c_foreground","color","#1A1A1A","#EDF2EC","@color/c_foreground",""
"c_gold","color","#A16207","#FBBF24","@color/c_gold",""
"c_muted","color","#E6EDE4","#232823","@color/c_muted",""
"c_muted_foreground","color","#6B6B6B","#A9B3A7","@color/c_muted_foreground",""
"c_nav","color","#FDFDFD","#191E1A","@color/c_nav",""
"c_on_accent","color","#FFFFFF","#052E16","@color/c_on_accent",""
"c_on_destructive","color","#FFFFFF","#08120A","@color/c_on_destructive",""
"c_on_primary","color","#FFFFFF","#06210A","@color/c_on_primary",""
"c_on_primary_container","color","#06330B","#D8F4D9","@color/c_on_primary_container",""
"c_primary","color","#04BD19","#31D027","@color/c_primary",""
"c_primary_container","color","#D8F4D9","#1B3A20","@color/c_primary_container",""
"c_ring","color","#31D027","#31D027","@color/c_ring",""
"c_ring_disc","color","#EAF4E8","#16241A","@color/c_ring_disc",""
"c_ring_track","color","#E4EDE2","#22301F","@color/c_ring_track",""
"c_success","color","#15803D","#4ADE80","@color/c_success",""
"ic_launcher_background","color","#0B7A1C","#0B7A1C","@color/ic_launcher_background",""
"sd_danger","color","#D03B37","#FF6B6B","@color/sd_danger","别名 → @color/c_destructive"
"sd_hairline","color","#DFE4DD","#2C332D","@color/sd_hairline","别名 → @color/c_border"
"sd_warn","color","#A16207","#FBBF24","@color/sd_warn","别名 → @color/c_gold"
"status_malicious","color","#D03B37","#FF6B6B","@color/status_malicious","别名 → @color/c_destructive"
"status_risky","color","#A16207","#FBBF24","@color/status_risky","别名 → @color/c_gold"
"status_safe","color","#15803D","#4ADE80","@color/status_safe","别名 → @color/c_success"
"sd_btn_height","dimension","48dp","","@dimen/sd_btn_height",""
"sd_cta_height","dimension","48dp","","@dimen/sd_cta_height",""
"sd_cta_inset","dimension","48dp","","@dimen/sd_cta_inset",""
"sd_cta_top","dimension","16dp","","@dimen/sd_cta_top",""
"sd_divider_inset","dimension","56dp","","@dimen/sd_divider_inset",""
"sd_grid_gap","dimension","10dp","","@dimen/sd_grid_gap",""
"sd_grid_top","dimension","24dp","","@dimen/sd_grid_top",""
"sd_gutter","dimension","16dp","","@dimen/sd_gutter",""
"sd_hairline_width","dimension","1dp","","@dimen/sd_hairline_width",""
"sd_home_margin","dimension","6dp","","@dimen/sd_home_margin",""
"sd_home_title_top","dimension","8dp","","@dimen/sd_home_title_top",""
"sd_nav_clearance","dimension","72dp","","@dimen/sd_nav_clearance",""
"sd_nav_margin_bottom","dimension","4dp","","@dimen/sd_nav_margin_bottom",""
"sd_nav_margin_h","dimension","6dp","","@dimen/sd_nav_margin_h",""
"sd_nav_radius","dimension","24dp","","@dimen/sd_nav_radius",""
"sd_radius_card","dimension","24dp","","@dimen/sd_radius_card",""
"sd_radius_chip","dimension","12dp","","@dimen/sd_radius_chip",""
"sd_radius_inner","dimension","16dp","","@dimen/sd_radius_inner",""
"sd_radius_pill","dimension","24dp","","@dimen/sd_radius_pill",""
"sd_ring_disc","dimension","140dp","","@dimen/sd_ring_disc",""
"sd_ring_size","dimension","190dp","","@dimen/sd_ring_size",""
"sd_ring_stroke","dimension","25dp","","@dimen/sd_ring_stroke",""
"sd_ring_top","dimension","24dp","","@dimen/sd_ring_top",""
"sd_row_height","dimension","56dp","","@dimen/sd_row_height",""
"sd_segment_hit","dimension","48dp","","@dimen/sd_segment_hit",""
"sd_space_1","dimension","4dp","","@dimen/sd_space_1",""
"sd_space_2","dimension","8dp","","@dimen/sd_space_2",""
"sd_space_3","dimension","12dp","","@dimen/sd_space_3",""
"sd_space_4","dimension","16dp","","@dimen/sd_space_4",""
"sd_space_5","dimension","24dp","","@dimen/sd_space_5",""
"sd_status_top","dimension","20dp","","@dimen/sd_status_top",""
"sd_tabbar_height","dimension","60dp","","@dimen/sd_tabbar_height",""
"sd_tile_height","dimension","128dp","","@dimen/sd_tile_height",""
"sd_tile_icon","dimension","26dp","","@dimen/sd_tile_icon",""
"sd_tile_padding","dimension","16dp","","@dimen/sd_tile_padding",""
"sd_touch_min","dimension","48dp","","@dimen/sd_touch_min",""
"Body","typography","textSize 16dp","","@style/TextAppearance.SecureDroid.Body","regular"
"Caption","typography","textSize 13dp","","@style/TextAppearance.SecureDroid.Caption","regular"
"Headline","typography","textSize 18dp","","@style/TextAppearance.SecureDroid.Headline","bold"
"Keypad","typography","textSize 24dp","","@style/TextAppearance.SecureDroid.Keypad","regular"
"Label","typography","textSize 14dp","","@style/TextAppearance.SecureDroid.Label","regular"
"Nav","typography","textSize 12dp","","@style/TextAppearance.SecureDroid.Nav","bold"
"Score","typography","textSize 54dp","","@style/TextAppearance.SecureDroid.Score","bold"
"Section","typography","textSize 13dp","","@style/TextAppearance.SecureDroid.Section","bold"
"Status","typography","textSize 17dp","","@style/TextAppearance.SecureDroid.Status","regular"
"Tile","typography","textSize 15dp","","@style/TextAppearance.SecureDroid.Tile","regular"
"Title","typography","textSize 24dp","","@style/TextAppearance.SecureDroid.Title","bold"
